statistic,value
min,0.0
p01,449.4675930786134
p05,2224.099597167969
p25,13389.5703125
median,74871.9375
p75,208721.48046875
p95,518634.19375
p99,1615979.5037499918
max,92445520.0
mean,179861.890625
std,603858.25
