fraud_label,txn_count,avg_amount,median_amount,q95_amount,q99_amount,total_amount
Non-Fraud,6354407,178197.05,74684.72,515610.4156249998,1586064.1574999916,1.1323365e+12
Fraud,8213,1.4679672e+06,441423.44,8006429.0,10000000.0,1.2056415e+10
