type,txn_count,fraud_count,flagged_count,fraud_rate,flag_rate
CASH_IN,1399284,0,0,0.0,0.0
CASH_OUT,2237500,4116,0,0.0018395530726256983,0.0
DEBIT,41432,0,0,0.0,0.0
PAYMENT,2151495,0,0,0.0,0.0
TRANSFER,532909,4097,16,0.007687991758442811,3.0023887755695626e-05
