type,txn_count,fraud_count,total_amount,avg_amount,median_amount,q95_amount,q99_amount,fraud_rate,share_of_all_txns,share_of_all_amount,share_of_all_fraud
TRANSFER,532909,4097,4.8529198e+11,910647.0,486308.375,2674586.9499999937,10000000.0,0.007687991758442811,0.08375621992198183,0.42406064,0.4988432972117375
CASH_OUT,2237500,4116,3.9441298e+11,176273.95,147072.1875,427877.1578124998,579654.0924999979,0.0018395530726256983,0.35166330851127364,0.3446482,0.5011567027882625
CASH_IN,1399284,0,2.363674e+11,168920.25,143427.7109375,412005.1203125,550870.855,0.0,0.21992261049693365,0.20654392,0.0
DEBIT,41432,0,2.2719922e+08,5483.665,3048.989990234375,14795.354248046875,50817.98269531263,0.0,0.006511782881894566,0.00019853252,0.0
PAYMENT,2151495,0,2.809337e+10,13057.6045,9482.1904296875,37835.65820312494,59500.108125000006,0.0,0.3381460781879163,0.024548711,0.0
