top_k,fraud_hits,precision_at_k,recall_at_k
100,5,0.05,0.0040192926045016075
500,39,0.078,0.03135048231511254
1000,62,0.062,0.04983922829581994
5000,229,0.0458,0.18408360128617363
