split,row_count,fraud_count,fraud_rate
train_full,6082021,5795,0.0009528082852722804
train_sample,121695,5795,0.047619047619047616
validation,191141,1174,0.006142062665780759
test,89458,1244,0.013905967045988062
