model,threshold,roc_auc,average_precision,precision,recall,f1,alert_rate
random_forest,0.6978576542641616,0.9999930379768521,0.9995268827053236,0.9975747776879548,0.9919614147909968,0.9947601773478436,0.013827718035279126
logistic_regression,0.9967616741971689,0.9821620300443011,0.7399160804433739,0.8632911392405064,0.5482315112540193,0.6705998033431662,0.008830959780008496
