isFraud,count,rate
0,6354407,0.9987091795518198
1,8213,0.001290820448180152
