type,txn_count,fraud_count,amount_sum,fraud_rate,avg_amount
TRANSFER,532909,4097,4.85292e+11,0.007687991758442811,910647.0628493795
CASH_OUT,2237500,4116,3.9441298e+11,0.0018395530726256983,176273.95855731843
CASH_IN,1399284,0,2.3636738e+11,0.0,168920.23383387504
DEBIT,41432,0,2.271992e+08,0.0,5483.66480015447
PAYMENT,2151495,0,2.8093372e+10,0.0,13057.60525402104
